uniprot_id,seq_len,n_binding,binding_pct
A0A0A7HFE1,758,7,0.92
A0A0A7HGA1,299,31,10.37
A0A1D8PK71,267,85,31.84
A0A1D8PM41,124,27,21.77
A0A482D308,529,106,20.04
A3MUD0,151,33,21.85
A4D1E9,387,45,11.63
A4WYU7,777,176,22.65
A8BS79,248,70,28.23
A8D8P8,899,22,2.45
B6YWC1,289,66,22.84
B8X8Z0,171,55,32.16
C7NBY4,1159,201,17.34
C9X1G5,1082,367,33.92
D2CVN6,701,14,2
D2W6T1,321,30,9.35
E6LHV3,349,81,23.21
E6LHV4,307,77,25.08
E6LHV6,140,24,17.14
E6LHV7,755,36,4.77
E9PYI1,671,56,8.35
F1LQ48,623,74,11.88
F5HIJ5,249,58,23.29
G0SB31,765,14,1.83
G3ECR1,1409,122,8.66
G3XCY4,108,9,8.33
J7RUA5,1053,266,25.26
O00267,1087,17,1.56
O00566,681,0,0
O01868,159,12,7.55
O04492,419,7,1.67
O05634,244,75,30.74
O13658,738,46,6.23
O13988,555,102,18.38
O14770,477,10,2.1
O15037,678,0,0
O15119,743,26,3.5
O15213,610,21,3.44
O15234,703,10,1.42
O15353,648,13,2.01
O16797,416,176,42.31
O22714,491,49,9.98
O28126,437,90,20.59
O28951,427,108,25.29
O34693,570,110,19.3
O34777,147,39,26.53
O43105,202,21,10.4
O43290,800,11,1.38
O43298,467,17,3.64
O43395,683,17,2.49
O43474,513,15,2.92
O43818,475,5,1.05
O52512,269,24,8.92
O59188,151,9,5.96
O60059,661,18,2.72
O60508,579,40,6.91
O60524,1076,8,0.74
O60783,128,43,33.59
O60841,1220,31,2.54
O60930,286,29,10.14
O64642,764,0,0
O66728,824,0,0
O67434,706,11,1.56
O67911,512,38,7.42
O68014,304,18,5.92
O74978,276,66,23.91
O75012,95,35,36.84
O75362,1048,13,1.24
O75616,437,3,0.69
O75683,361,0,0
O75818,363,13,3.58
O75821,320,23,7.19
O76021,490,52,10.61
O76094,671,11,1.64
O77448,1117,183,16.38
O80337,268,14,5.22
O82175,794,21,2.64
O82277,361,46,12.74
O94258,978,18,1.84
O94906,941,80,8.5
O95059,124,2,1.61
O95238,335,17,5.07
O95365,584,42,7.19
O95478,260,138,53.08
P02381,398,41,10.3
P02406,149,110,73.83
P03069,281,5,1.78
P04386,881,18,2.04
P06134,354,39,11.02
P06601,613,43,7.01
P07270,312,0,0
P08235,984,11,1.12
P08638,886,21,2.37
P09001,348,185,53.16
P09077,417,0,0
P09087,493,18,3.65
P09546,1320,9,0.68
P0A4T9,253,8,3.16
P0A8B2,183,3,1.64
P0A8J2,179,8,4.47
P0A8W0,263,23,8.75
P0A9F6,305,18,5.9
P0AC51,171,12,7.02
P0ACG8,133,13,9.77
P0ACI0,289,38,13.15
P0ACP7,341,20,5.87
P0AD49,113,41,36.28
P0AE70,111,18,16.22
P0AE72,82,9,10.98
P0AF28,216,19,8.8
P0AFW2,55,21,38.18
P0C896,576,7,1.22
P0CB42,389,11,2.83
P0CY08,210,17,8.1
P0CY10,126,11,8.73
P0DJ18,189,55,29.1
P0DJ19,144,36,25
P0DJ20,134,34,25.37
P0DJ51,124,39,31.45
P0DJ52,264,116,43.94
P0DJ58,206,55,26.7
P0DJO8,306,16,5.23
P0DMC7,216,21,9.72
P0DOC6,1389,99,7.13
P0DOV2,619,8,1.29
P0DOY9,138,51,36.96
P0DPB8,1120,105,9.38
P10074,688,15,2.18
P10275,920,0,0
P10485,404,17,4.21
P11746,286,15,5.24
P11938,827,37,4.47
P12063,669,27,4.04
P12629,250,76,30.4
P12686,339,57,16.81
P12687,371,76,20.49
P12736,241,69,28.63
P12737,165,76,46.06
P13382,1468,48,3.27
P13433,1351,56,4.15
P14063,131,45,34.35
P14121,154,49,31.82
P14148,270,89,32.96
P14294,653,34,5.21
P14736,754,88,11.67
P14908,341,30,8.8
P15336,505,0,0
P15563,433,62,14.32
P15880,293,85,29.01
P16639,503,18,3.58
P17558,318,66,20.75
P17679,413,2,0.48
P18146,543,20,3.68
P18962,818,14,1.71
P20053,465,4,0.86
P20095,876,23,2.63
P20153,508,20,3.94
P20290,206,10,4.85
P21228,821,18,2.19
P21338,268,12,4.48
P21513,1061,65,6.13
P21533,298,69,23.15
P21693,457,106,23.19
P21771,286,46,16.08
P22121,677,8,1.18
P22262,237,28,11.81
P22353,238,69,28.99
P22354,195,51,26.15
P22670,979,7,0.72
P22808,723,12,1.66
P23070,320,112,35
P23326,159,50,31.45
P23511,347,0,0
P23588,611,3,0.49
P23874,440,2,0.45
P24279,971,45,4.63
P24613,256,33,12.89
P25144,334,25,7.49
P25159,1026,10,0.97
P25299,296,25,8.45
P25339,888,28,3.15
P25368,297,19,6.4
P25626,169,26,15.38
P25635,923,69,7.48
P25642,146,28,19.18
P25724,401,11,2.74
P26599,557,72,12.93
P27684,142,22,15.49
P27692,1063,11,1.03
P27770,146,16,10.96
P27929,486,75,15.43
P28005,173,24,13.87
P28320,278,31,11.15
P28324,431,35,8.12
P28778,131,13,9.92
P29056,596,43,7.21
P29468,568,24,4.23
P29549,495,72,14.55
P30665,933,36,3.86
P31164,224,24,10.71
P31316,305,12,3.93
P31376,625,7,1.12
P31941,199,65,32.66
P32387,263,45,17.11
P32481,527,70,13.28
P32505,525,22,4.19
P32519,619,15,2.42
P32605,298,59,19.8
P32611,393,120,30.53
P32684,290,40,13.79
P32773,286,6,2.1
P32797,924,27,2.92
P32902,394,53,13.45
P33122,291,0,0
P33201,236,122,51.69
P33750,489,87,17.79
P33759,307,86,28.01
P33905,234,17,7.26
P34021,878,19,2.16
P34707,623,11,1.77
P35024,221,71,32.13
P35207,1287,34,2.64
P35251,1148,18,1.57
P35716,441,20,4.54
P35996,138,26,18.84
P36056,628,88,14.01
P36080,434,15,3.46
P36144,274,52,18.98
P36160,344,99,28.78
P36519,292,64,21.92
P36520,322,93,28.88
P36525,258,68,26.36
P36527,147,18,12.24
P36531,177,27,15.25
P36534,297,30,10.1
P36675,72,39,54.17
P37582,135,10,7.41
P38064,232,61,26.29
P38175,177,19,10.73
P38291,140,63,45
P38333,483,52,10.77
P38344,393,9,2.29
P38613,86,27,31.4
P38618,129,34,26.36
P38747,307,20,6.51
P38779,376,92,24.47
P38786,293,19,6.48
P38789,453,32,7.06
P38792,359,14,3.9
P38907,458,13,2.84
P38996,802,21,2.62
P39015,273,98,35.9
P39016,859,71,8.27
P39018,156,81,51.92
P39075,278,23,8.27
P39115,547,44,8.04
P39473,148,64,43.24
P39697,212,24,11.32
P40018,196,68,34.69
P40033,138,25,18.12
P40496,264,19,7.2
P40567,111,38,34.23
P40693,322,143,44.41
P40847,254,16,6.3
P40858,161,25,15.53
P40968,455,39,8.57
P40969,608,27,4.44
P40992,514,62,12.06
P40993,198,4,2.02
P41093,177,60,33.9
P41161,510,17,3.33
P41812,875,220,25.14
P42226,847,17,2.01
P44558,135,22,16.3
P45973,191,2,1.05
P46087,812,21,2.59
P46198,727,7,0.96
P46350,82,24,29.27
P46948,246,6,2.44
P47093,109,15,13.76
P47974,494,24,4.86
P48237,864,36,4.17
P48581,401,2,0.5
P49180,124,57,45.97
P49704,494,68,13.77
P50580,394,7,1.78
P50887,299,23,7.69
P51398,398,36,9.05
P51513,507,13,2.56
P51998,286,77,26.92
P52701,1360,42,3.09
P53091,1017,47,4.62
P53145,640,71,11.09
P53218,158,31,19.62
P53261,605,109,18.02
P53292,345,64,18.55
P53305,110,33,30
P53333,577,9,1.56
P53724,139,11,7.91
P53881,309,41,13.27
P53905,115,2,1.74
P54132,1417,22,1.55
P54292,241,8,3.32
P55055,460,31,6.74
P55265,1226,27,2.2
P55316,489,12,2.45
P55841,166,69,41.57
P55842,189,41,21.69
P55884,814,11,1.35
P56347,161,34,21.12
P56930,206,19,9.22
P57772,596,24,4.03
P62310,102,5,4.9
P62508,458,14,3.06
P62851,125,34,27.2
P62861,133,56,42.11
P62995,288,27,9.38
P70056,518,18,3.47
P70348,436,16,3.67
P71020,257,13,5.06
P71039,257,15,5.84
P76318,222,49,22.07
P76632,160,15,9.38
P78345,283,18,6.36
P78346,268,12,4.48
P78563,741,39,5.26
P82137,165,35,21.21
P82139,232,11,4.74
P82163,172,30,17.44
P82191,305,93,30.49
P82277,260,7,2.69
P82278,208,57,27.4
P82411,116,22,18.97
P82413,233,34,14.59
P82911,197,30,15.23
P82914,257,52,20.23
P82917,143,16,11.19
P82930,218,84,38.53
P82933,396,87,21.97
P83453,432,35,8.1
P83949,389,0,0
P85037,733,14,1.91
P93311,349,14,4.01
P95251,406,22,5.42
P96856,220,26,11.82
P97360,485,16,3.3
P97481,874,14,1.6
P9WJ63,268,37,13.81
P9WJ73,168,5,2.98
P9WJA5,125,18,14.4
P9WJF5,375,17,4.53
P9WJF9,236,31,13.14
P9WMF9,217,12,5.53
P9WQK3,558,52,9.32
Q00422,454,14,3.08
Q00916,300,47,15.67
Q01560,414,29,7
Q01663,552,11,1.99
Q02204,264,4,1.52
Q02354,440,25,5.68
Q02457,562,17,3.02
Q02554,436,10,2.29
Q02555,471,44,9.34
Q02608,121,51,42.15
Q02892,647,244,37.71
Q02931,896,80,8.93
Q03468,1493,70,4.69
Q03776,544,23,4.23
Q03782,492,20,4.07
Q03976,319,33,10.34
Q03LF7,1121,302,26.94
Q04002,1493,10,0.67
Q04031,235,32,13.62
Q04217,1267,43,3.39
Q04305,513,49,9.55
Q04598,105,35,33.33
Q04712,507,40,7.89
Q05636,305,2,0.66
Q05823,741,49,6.61
Q05900,231,75,32.47
Q05946,817,44,5.39
Q06390,306,4,1.31
Q06406,86,3,3.49
Q06453,408,16,3.92
Q06506,573,68,11.87
Q06630,226,50,22.12
Q06706,1349,16,1.19
Q07381,788,114,14.47
Q07508,261,12,4.6
Q07807,879,0,0
Q08050,763,14,1.83
Q08096,367,14,3.81
Q08162,1001,84,8.39
Q08285,240,12,5
Q08605,581,16,2.75
Q08689,176,4,2.27
Q08831,523,11,2.1
Q08957,416,20,4.81
Q08962,181,45,24.86
Q09312,632,93,14.72
Q0J7P4,297,13,4.38
Q0P897,984,137,13.92
Q0V9Z3,352,13,3.69
Q10013,126,6,4.76
Q12046,339,85,25.07
Q12080,455,31,6.81
Q12149,733,43,5.87
Q12220,943,59,6.26
Q12532,1038,74,7.13
Q12788,808,9,1.11
Q12849,480,8,1.67
Q13405,166,21,12.65
Q13435,895,8,0.89
Q13823,731,278,38.03
Q13952,458,11,2.4
Q14188,446,9,2.02
Q14197,206,38,18.45
Q14498,530,7,1.32
Q14653,427,42,9.84
Q14692,1282,151,11.78
Q14865,1188,14,1.18
Q15050,365,39,10.68
Q15061,677,6,0.89
Q15269,919,43,4.68
Q15306,451,49,10.86
Q15397,648,3,0.46
Q15477,1246,52,4.17
Q16254,413,8,1.94
Q16540,153,43,28.1
Q17339,463,52,11.23
Q1K5Z0,382,19,4.97
Q1K699,303,28,9.24
Q1K6P0,352,92,26.14
Q1K6U7,225,32,14.22
Q1K7L7,219,4,1.83
Q1K7P9,140,31,22.14
Q1K8T6,384,122,31.77
Q1K8Y7,161,30,18.63
Q1PFR7,363,14,3.86
Q22SV3,89,15,16.85
Q24645,394,0,0
Q24F59,104,29,27.88
Q26454,866,5,0.58
Q31708,362,24,6.63
Q381M1,333,4,1.2
Q39204,623,9,1.44
Q3T040,242,31,12.81
Q3UPF5,946,15,1.59
Q3YN09,194,22,11.34
Q46455,634,0,0
Q46864,131,13,9.92
Q46897,199,49,24.62
Q46899,363,58,15.98
Q46901,502,39,7.77
Q4JAI1,213,53,24.88
Q4QG98,198,94,47.47
Q50301,219,63,28.77
Q50307,111,55,49.55
Q53EL6,469,33,7.04
Q53W63,195,15,7.69
Q53WG9,211,98,46.45
Q58293,336,56,16.67
Q59547,124,65,52.42
Q59RQ0,906,8,0.88
Q5AP80,785,14,1.78
Q5DTV4,884,5,0.57
Q5JTH9,1297,71,5.47
Q5QJE6,756,0,0
Q5SHN9,210,121,57.62
Q5SLP1,431,56,12.99
Q5U5Q3,659,26,3.95
Q5VYS8,1495,23,1.54
Q64249,495,33,6.67
Q6A6M7,301,63,20.93
Q6A7V2,68,36,52.94
Q6P161,138,18,13.04
Q6P1L8,145,35,24.14
Q6PKG0,1096,21,1.92
Q6R5N8,991,34,3.43
Q6X5Y6,430,64,14.88
Q6ZQJ5,1062,69,6.5
Q7A224,104,15,14.42
Q7DF80,408,117,28.68
Q7L2J0,689,0,0
Q7LYJ6,178,35,19.66
Q7RWZ7,201,29,14.43
Q7RXU7,396,60,15.15
Q7RYM5,292,37,12.67
Q7RYW8,258,28,10.85
Q7RZ62,347,17,4.9
Q7S054,300,14,4.67
Q7S1Z3,368,25,6.79
Q7S4Y4,90,19,21.11
Q7S518,165,15,9.09
Q7S5W0,103,37,35.92
Q7S7R6,315,54,17.14
Q7SA60,228,34,14.91
Q7SA88,439,23,5.24
Q7SBV6,183,37,20.22
Q7SC44,274,45,16.42
Q7SCZ3,218,4,1.83
Q7SEK9,163,38,23.31
Q7SGE5,217,24,11.06
Q7SGU0,376,29,7.71
Q7SHB2,348,23,6.61
Q7SHF3,161,30,18.63
Q7Z2W4,902,8,0.89
Q86W50,562,45,8.01
Q8BGD7,802,10,1.25
Q8BX22,1067,9,0.84
Q8C6P8,421,20,4.75
Q8IV48,349,65,18.62
Q8IVS2,390,30,7.69
Q8IXM3,137,50,36.5
Q8IY37,1157,21,1.82
Q8IY81,847,5,0.59
Q8IZL8,1130,7,0.62
Q8L6Z4,430,32,7.44
Q8N1G4,583,43,7.38
Q8N983,215,23,10.7
Q8NC60,698,15,2.15
Q8NDD1,293,0,0
Q8NEJ9,315,13,4.13
Q8R5F7,1025,37,3.61
Q8SRA7,146,18,12.33
Q8SRB3,148,32,21.62
Q8SRB9,268,16,5.97
Q8SRP1,94,11,11.7
Q8SRW8,160,34,21.25
Q8SRY0,217,26,11.98
Q8SS05,239,15,6.28
Q8SS18,139,41,29.5
Q8SS49,112,14,12.5
Q8SSA2,110,24,21.82
Q8SSF9,120,9,7.5
Q8SYK5,376,0,0
Q8TED0,518,22,4.25
Q8TVD2,527,25,4.74
Q8U017,236,37,15.68
Q8U1S6,871,3,0.34
Q8U1S7,322,36,11.18
Q8VVE3,173,48,27.75
Q8VZT8,314,25,7.96
Q8W4L5,790,29,3.67
Q8WUQ7,758,9,1.19
Q8WYQ5,773,0,0
Q91VJ1,354,0,0
Q92841,729,27,3.7
Q95NM6,308,13,4.22
Q969S3,477,15,3.14
Q969X6,686,20,2.92
Q96BP2,118,37,31.36
Q96C10,678,13,1.92
Q96CT7,223,45,20.18
Q96DI7,357,19,5.32
Q96DT7,871,19,2.18
Q96RE7,527,15,2.85
Q97WV8,289,53,18.34
Q980W2,102,27,26.47
Q99383,534,30,5.62
Q99575,1024,82,8.01
Q99MB1,905,44,4.86
Q9BRJ2,306,68,22.22
Q9BUL9,199,39,19.6
Q9BVJ6,771,4,0.52
Q9BXJ9,866,36,4.16
Q9BXW9,1451,7,0.48
Q9BXY0,300,26,8.67
Q9BYC8,188,51,27.13
Q9BYC9,149,50,33.56
Q9BYD3,311,110,35.37
Q9BZE2,481,55,11.43
Q9BZJ0,848,50,5.9
Q9BZL1,73,2,2.74
Q9C0J8,1336,15,1.12
Q9C2B9,80,18,22.5
Q9C552,753,52,6.91
Q9C5Q8,942,48,5.1
Q9C5T4,310,0,0
Q9C9L2,325,15,4.62
Q9CR57,217,41,18.89
Q9FDX8,395,15,3.8
Q9FG77,687,11,1.6
Q9FME4,521,17,3.26
Q9H161,411,13,3.16
Q9H171,429,12,2.8
Q9H1D9,316,8,2.53
Q9H2K0,278,44,15.83
Q9H633,154,31,20.13
Q9H6E5,874,73,8.35
Q9H6F5,360,41,11.39
Q9H790,373,25,6.7
Q9HBD1,1191,51,4.28
Q9HE07,534,6,1.12
Q9I9E1,472,66,13.98
Q9JLV6,522,32,6.13
Q9KQU8,279,17,6.09
Q9KXR9,107,8,7.48
Q9LE95,352,13,3.69
Q9LRN8,324,59,18.21
Q9LTJ1,225,7,3.11
Q9LW31,313,13,4.15
Q9M0E0,129,22,17.05
Q9NPE3,64,2,3.12
Q9NQ50,206,54,26.21
Q9NQ55,473,35,7.4
Q9NQV7,894,42,4.7
Q9NQZ2,479,25,5.22
Q9NR56,388,30,7.73
Q9NR83,387,10,2.58
Q9NRR4,1374,38,2.77
Q9NV31,184,35,19.02
Q9NVS2,196,74,37.76
Q9NX20,251,106,42.23
Q9NY43,387,27,6.98
Q9NY61,560,4,0.71
Q9NYH9,597,5,0.84
Q9P0M9,148,58,39.19
Q9P0P8,240,0,0
Q9RT21,465,2,0.43
Q9RT63,715,23,3.22
Q9RXJ1,115,45,39.13
Q9RY51,301,42,13.95
Q9RY80,188,42,22.34
Q9SB92,292,18,6.16
Q9SI37,487,10,2.05
Q9SNB4,323,19,5.88
Q9ST69,308,47,15.26
Q9UBX2,424,77,18.16
Q9UHN1,485,2,0.41
Q9UJA5,497,34,6.84
Q9UKD2,239,71,29.71
Q9ULR0,285,4,1.4
Q9UMY1,257,12,4.67
Q9UT32,373,57,15.28
Q9UTP0,117,16,13.68
Q9V4Q8,265,3,1.13
Q9VAN6,276,0,0
Q9VFE4,230,29,12.61
Q9VKM1,843,9,1.07
Q9VR17,363,0,0
Q9VZS5,144,52,36.11
Q9XYU1,819,15,1.83
Q9Y291,106,28,26.42
Q9Y2R5,130,33,25.38
Q9Y324,198,32,16.16
Q9Y399,296,39,13.18
Q9Y3A2,253,34,13.44
Q9Y3B2,195,4,2.05
Q9Y3C1,178,40,22.47
Q9Y3D9,190,8,4.21
Q9Y421,112,3,2.68
Q9Y580,266,11,4.14
Q9Y5J1,556,20,3.6
Q9Y6G3,142,16,11.27
T0D7A2,1129,245,21.7
U2UMQ6,1307,312,23.87
V5ILE0,428,14,3.27
V6CLJ5,790,5,0.63
W7X6T2,542,59,10.89
